building,road,none,f1,f2,f3
[[0.0, 0.0], [0.6319999999999999, 0.1665412861725284], [0.368, 0.1665412861725284], [0.0, 0.0], [91.4475944519043, 44.817274686069226], [64.74752044677734, 27.70034127477696]]