building,road,none,f1,f2,f3
[[0.0, 0.0], [0.8119999999999999, 0.18280043763623763], [0.188, 0.18280043763623763], [0.0, 0.0], [143.90671997070314, 25.726353614099043], [96.5139892578125, 21.53267615025242]]