building,road,none,f1,f2,f3
[[0.35400000000000004, 0.23921538412067064], [0.004, 0.004898979485566357], [0.642, 0.23472537144501443], [0.0, 0.0], [10.41041841506958, 13.316437497925584], [21.81074101924896, 25.808632755391745]]