building,road,none,f1,f2,f3
[[0.0, 0.0], [0.008, 0.016], [0.992, 0.016000000000000014], [0.0, 0.0], [2.217752981185913, 2.617601765425859], [0.3449003279209137, 0.4132952852234792]]