building,road,none,f1,f2,f3
[[0.298, 0.1973220717507294], [0.178, 0.24177675653379088], [0.526, 0.15907231060118537], [0.0, 0.0], [33.90323717594147, 32.12420816996163], [30.08735227584839, 22.36196348732223]]