building,road,none,f1,f2,f3
[[0.294, 0.23346091750012463], [0.5319999999999999, 0.2643028565869086], [0.174, 0.21312906887611555], [0.0, 0.0], [88.29386291503906, 48.39227060517636], [50.30797300338745, 45.125398904295274]]