building,road,none,f1,f2,f3
[[0.0, 0.0], [0.356, 0.23328951969602066], [0.644, 0.23328951969602063], [0.0, 0.0], [48.83243675231934, 25.173809108227367], [41.59613304138183, 26.141932481913774]]