building,road,none,f1,f2,f3
[[0.876, 0.2051925924588897], [0.10200000000000001, 0.1755448660599335], [0.022, 0.02993325909419153], [0.0, 0.0], [25.950762939453124, 2.7611013852393653], [52.244182109832764, 24.003217357615856]]