building,road,none,f1,f2,f3,f4,f5,f6,f7,f8,f9,f10,f11,f12,f13,f14,f15,f16
[[1e-05, 1e-05], [0.8119999999999999, 0.18280043763623763], [0.188004, 0.1827963238798855], [1e-05, 1e-05], [1e-05, 1e-05], [5.924701499938965, 0.6355032081384597], [2.4656786203384398, 1.520991300612112], [1e-05, 1e-05], [0.5668582650680543, 0.38942842568596236], [1e-05, 1e-05], [1.3876437994499207, 1.0021773192953796], [1e-05, 1e-05], [0.41359293838119504, 0.509331410072405], [15.768313789367676, 4.073613288443159], [32.016091918945314, 2.5615921849824663], [1e-05, 1e-05], [1e-05, 1e-05], [7.155847358703613, 1.0819600507837532], [31.036114120483397, 3.9568359202734515]]