building,road,none,f1,f2,f3,f4,f5,f6,f7,f8,f9,f10,f11,f12,f13,f14,f15,f16
[[1e-05, 1e-05], [0.6319999999999999, 0.1665412861725284], [0.368, 0.1665412861725284], [1e-05, 1e-05], [1e-05, 1e-05], [4.655593309070587, 3.6656465656499555], [3.9183602333068848, 3.7936766612068524], [1e-05, 1e-05], [1.4801896217126846, 1.272878123628926], [1e-05, 1e-05], [1.7145700373229982, 2.114798967078155], [1e-05, 1e-05], [0.18546452627944943, 0.37090905255889894], [8.21267466545105, 3.2413307494043253], [20.661328506469726, 8.544337232183363], [1e-05, 1e-05], [1e-05, 1e-05], [3.9454170172729492, 4.047979564438037], [22.63807830810547, 8.81798559306364]]