building,road,none,f1,f2,f3,f4,f5,f6,f7,f8,f9,f10,f11,f12,f13,f14,f15,f16
[[1e-05, 1e-05], [0.356, 0.23328951969602066], [0.644, 0.23328951969602063], [1e-05, 1e-05], [0.9251898656921386, 1.8503597313842772], [1.790636653236389, 2.141560929288095], [7.55157618522644, 2.569113466209751], [1e-05, 1e-05], [3.8433247566223145, 0.8012867618393194], [1e-05, 1e-05], [0.35502377854156497, 0.7100275570831298], [1e-05, 1e-05], [0.948913685279846, 1.190597505866352], [9.857948672771453, 6.769937565804124], [11.503188180923463, 6.093880135227301], [1e-05, 1e-05], [0.10596870289611812, 0.2119174057922363], [0.4903490461883545, 0.7768434986119942], [12.191363430023193, 5.677619376463337]]