x,y,r,building,road,none,f1,f2,f3,f4,f5,f6,f7,f8,f9,f10,f11,f12,f13,f14,f15,f16
494.0,1244.0,75.0,0.09,0.63,0.28,1e-05,1e-05,2.6217949390411377,1e-05,1e-05,1e-05,1e-05,4.615045547485352,1e-05,1e-05,18.01131248474121,18.082534790039062,1e-05,1e-05,4.787511348724365,23.598600387573242
375.0,1314.0,75.0,0.08,0.23,0.69,1e-05,0.7562215328216553,5.361167907714844,1e-05,1e-05,1e-05,1e-05,13.383440971374512,1e-05,1e-05,25.657485961914062,10.921294212341309,1e-05,1e-05,5.866000175476074,19.122438430786133
673.0,1829.0,75.0,0.52,1e-05,0.48,20.9603271484375,62.2722053527832,22.914440155029297,1e-05,1e-05,1e-05,1e-05,29.872814178466797,1e-05,1.2952913045883179,39.63045120239258,1e-05,1e-05,1e-05,38.57582092285156,37.471885681152344
1152.0,1573.0,75.0,0.27,0.03,0.71,1e-05,25.418745040893555,9.39194393157959,1e-05,1e-05,1e-05,1e-05,21.298015594482422,1e-05,1.9505175352096558,34.5108757019043,1e-05,1e-05,1e-05,7.5901689529418945,20.567625045776367
1565.0,1824.0,75.0,0.53,1e-05,0.47,1e-05,24.23760223388672,41.11886978149414,3.6245522499084473,1e-05,1e-05,1e-05,15.643597602844238,1e-05,1e-05,2.4169116020202637,23.771879196166992,1e-05,1e-05,37.731658935546875,41.04246520996094
