building,road,none,f1,f2,f3,f4,f5,f6,f7,f8,f9,f10,f11,f12,f13,f14,f15,f16
[[0.294002, 0.2334583988979621], [0.5319999999999999, 0.2643028565869086], [0.174006, 0.21312417043592216], [7.637289799316406, 15.274559598632813], [19.98497432847595, 39.46522895666276], [17.154900884628297, 12.556257075528498], [1.1781205599823, 1.219188657065669], [1e-05, 1e-05], [0.2561627040939331, 0.5123054081878662], [1e-05, 1e-05], [11.641373381018639, 11.118377561226042], [1e-05, 1e-05], [1e-05, 1e-05], [22.569974899291992, 12.124399265486103], [23.195936250686646, 14.469805850587731], [1e-05, 1e-05], [1e-05, 1e-05], [26.97686665058136, 26.47583982720383], [33.45970115661621, 11.042860305863996]]