building,road,none,f1,f2,f3,f4,f5,f6,f7,f8,f9,f10,f11,f12,f13,f14,f15,f16
[[0.35400000000000004, 0.23921538412067064], [0.004006, 0.00489408050608079], [0.642, 0.23472537144501443], [4.211544317535401, 3.805019331867498], [24.871913337707518, 20.075792787361713], [25.07402901649475, 21.15800879528882], [1.8388130160827636, 1.5230952480658861], [1e-05, 1e-05], [1e-05, 1e-05], [1e-05, 1e-05], [13.306449508666992, 5.649412645704809], [1e-05, 1e-05], [0.025832376676559448, 0.04200690005257277], [9.095889544487, 6.514055885537883], [11.799429888061525, 9.824087249132143], [1e-05, 1e-05], [1e-05, 1e-05], [26.72182388305664, 20.029301579625464], [28.055617809295654, 18.56512148058538]]