x,y,r,building,road,none,f1,f2,f3,f4,f5,f6,f7,f8,f9,f10,f11,f12,f13,f14,f15,f16
1430.0,1510.0,75.0,0.37,1e-05,0.63,1e-05,7.415579795837402,27.460752487182617,4.306405544281006,1e-05,1e-05,1e-05,11.017463684082031,1e-05,1e-05,0.7092074155807495,20.493131637573242,1e-05,1e-05,24.046850204467773,29.886398315429688
1502.0,1693.0,75.0,0.58,1e-05,0.42,1e-05,19.46939468383789,39.373050689697266,2.6765799522399902,1e-05,1e-05,1e-05,17.490476608276367,1e-05,1e-05,2.80375337600708,22.20570945739746,1e-05,1e-05,34.92812728881836,41.49427032470703
750.0,1836.0,75.0,0.65,1e-05,0.35,5.777968883514404,63.68364715576172,55.42723846435547,1e-05,1e-05,1e-05,1e-05,21.838029861450195,1e-05,1e-05,14.603797912597656,16.298288345336914,1e-05,1e-05,60.57238006591797,54.08863830566406
420.0,1490.0,75.0,0.12,0.01,0.87,9.980416297912598,21.77802276611328,2.054183006286621,1.5248430967330933,1e-05,1e-05,1e-05,10.294126510620117,1e-05,0.02085132896900177,17.544462203979492,1e-05,1e-05,1e-05,9.27131462097168,9.49066162109375
583.0,1811.0,75.0,0.05,0.01,0.94,5.29931640625,12.012922286987305,1.0549204349517822,0.686226487159729,1e-05,1e-05,1e-05,5.89215087890625,1e-05,0.10828055441379547,9.81822681427002,1e-05,1e-05,1e-05,4.790447235107422,5.31812047958374
