building,road,none,f1,f2,f3,f4,f5,f6,f7,f8,f9,f10,f11,f12,f13,f14,f15,f16
[[0.298, 0.1973220717507294], [0.178004, 0.24177381170010948], [0.526, 0.15907231060118537], [4.1920734296874995, 8.384126859375002], [22.536956832077028, 22.682157197910207], [16.2816433429718, 14.242176876013225], [0.7249184499816894, 1.449816899963379], [1e-05, 1e-05], [1e-05, 1e-05], [1e-05, 1e-05], [16.962582778930663, 8.39620993238011], [1e-05, 1e-05], [0.6491677679595947, 0.8216086981543277], [24.045407390594484, 13.108932422741534], [10.555145639709473, 9.532045686477383], [1e-05, 1e-05], [1e-05, 1e-05], [18.910232067108154, 15.739939958258875], [28.360602951049806, 9.084007486698315]]