building,road,none,f1,f2,f3,f4,f5,f6,f7,f8,f9,f10,f11,f12,f13,f14,f15,f16
[[0.876, 0.2051925924588897], [0.102006, 0.17554137980544646], [0.022004, 0.02993031947707876], [5.611148545410156, 3.6751314206677557], [40.754514786865236, 20.74506312483868], [38.24892883300781, 10.13161907748458], [1e-05, 1e-05], [1e-05, 1e-05], [1e-05, 1e-05], [1e-05, 1e-05], [37.147728729248044, 8.140464585307537], [1e-05, 1e-05], [1.7446294280548096, 1.136748576368496], [35.64239311218262, 5.241401764333165], [12.73976674079895, 10.463944025736266], [1e-05, 1e-05], [1e-05, 1e-05], [39.2167423248291, 7.985361368713226], [55.322322082519534, 7.976847365299413]]