building,road,none,f1,f2,f3,f4,f5,f6,f7,f8,f9,f10,f11,f12,f13,f14,f15,f16
[[1e-05, 1e-05], [0.008008000000000001, 0.015996], [0.992, 0.016000000000000014], [0.08346421148967743, 0.04177651971949443], [0.6093180656433106, 0.07183852277137336], [0.5235927999019623, 0.4045040188454945], [1e-05, 1e-05], [0.01119926002216339, 0.005628560484132032], [1e-05, 1e-05], [1e-05, 1e-05], [0.6368522535400392, 1.2736845070800782], [1e-05, 1e-05], [1e-05, 1e-05], [1.2064823041992185, 2.412944608398438], [0.46875049322843554, 0.7340491610814214], [1e-05, 1e-05], [1e-05, 1e-05], [0.618419075012207, 0.2973534003146158], [0.9566195964813232, 1.6243710679662033]]