building,road,none,f1,f2,f3,f4,f5,f6,f7,f8,f9,f10,f11,f12,f13,f14,f15,f16
[[0.29390731707317064, 0.3410120536387948], [0.3417097560975609, 0.3417998325613471], [0.36463707317073163, 0.32284301103911095], [4.628067446697516, 10.386099557772294], [17.3713171571799, 24.466166997222583], [15.8069606939467, 15.346652899987717], [1.8803242932674957, 3.0648211434021753], [0.0007117028850462379, 0.0030986360399703552], [0.32190509861434347, 0.7975584070301283], [1.0000000000000011e-05, 1.0164395367051604e-20], [13.547578274242236, 14.05771252617505], [1.0000000000000011e-05, 1.0164395367051604e-20], [0.29503685742075836, 0.6055744177364184], [19.04875381070204, 13.561873206131333], [16.645699466340364, 13.778479559632709], [1.0000000000000011e-05, 1.0164395367051604e-20], [1.0000000000000011e-05, 1.0164395367051604e-20], [19.014112555762615, 17.002292022523743], [30.426248141905155, 17.379993568177305]]