building,road,none,f1,f2,f3,f4,f5,f6,f7,f8,f9,f10,f11,f12,f13,f14,f15,f16
[[0.29000000000000004, 0.18242806801586206], [0.20600600000000005, 0.2808229478230011], [0.502, 0.18334666618185347], [4.214598454101562, 8.429176908203125], [23.07781505041504, 22.21016878529063], [18.18980860710144, 14.785874159968039], [0.6877232442932129, 1.375426488586426], [1e-05, 1e-05], [1e-05, 1e-05], [1e-05, 1e-05], [16.424647045135497, 6.682789494377721], [1e-05, 1e-05], [0.42366331921386724, 0.8473066384277343], [22.659137153625487, 12.560100206768894], [12.249711794189455, 10.369474015431784], [1e-05, 1e-05], [1e-05, 1e-05], [21.529578685760498, 16.764819284370738], [30.49309959411621, 7.321425482659588]]