building,road,none,f1,f2,f3,f4,f5,f6,f7,f8,f9,f10,f11,f12,f13,f14,f15,f16
[[0.54, 0.03847076812334268], [0.33199999999999996, 0.15091719583930785], [0.128006, 0.16289402697459476], [8.847843448120118, 12.851326194407378], [27.715496441986083, 38.197716820425676], [22.196852111816405, 12.32615385958663], [0.2192107655582428, 0.3885625852955098], [1e-05, 1e-05], [1e-05, 1e-05], [1e-05, 1e-05], [22.557515716552736, 6.615757740995593], [1e-05, 1e-05], [0.48818081723022466, 0.9763416344604491], [33.26570091247559, 7.232214165523874], [19.296277568008424, 15.032755762533423], [1e-05, 1e-05], [1e-05, 1e-05], [32.65738162994385, 23.796163088253188], [37.97206153869629, 9.267686475204695]]