building,road,none,f1,f2,f3,f4,f5,f6,f7,f8,f9,f10,f11,f12,f13,f14,f15,f16
[[0.9879999999999999, 0.011661903789690611], [0.004006, 0.00489408050608079], [0.008006, 0.011657788126398594], [5.395524978637695, 2.140144862705433], [48.395991516113284, 3.5420179596012438], [44.225694274902345, 2.7840779590273335], [1e-05, 1e-05], [1e-05, 1e-05], [1e-05, 1e-05], [1e-05, 1e-05], [41.070613861083984, 1.1312104622283852], [1e-05, 1e-05], [2.1399821281433105, 0.6239759745711619], [37.4714111328125, 0.9594102784942246], [9.637966728210449, 3.3382982455954857], [1e-05, 1e-05], [1e-05, 1e-05], [43.503779602050784, 1.4634873435428866], [59.40103607177734, 2.45960491588386]]