building,road,none,f1,f2,f3,f4,f5,f6,f7,f8,f9,f10,f11,f12,f13,f14,f15,f16
[[0.372, 0.255530820058951], [0.0020080000000000002, 0.003996], [0.6220000000000001, 0.24862823652996455], [4.318610281280518, 4.049102853140532], [25.268470191955565, 19.7067844866514], [25.479881858825685, 21.346860715033106], [1.73129124369812, 1.422232194099664], [1e-05, 1e-05], [1e-05, 1e-05], [1e-05, 1e-05], [14.012442016601563, 6.057243077672148], [1e-05, 1e-05], [0.03397405551242828, 0.06792811102485656], [9.69793164730072, 6.776187880976638], [11.82856540136719, 9.7865366055892], [1e-05, 1e-05], [1e-05, 1e-05], [27.127032661437987, 19.916428327920308], [28.882941436767577, 19.014206493298715]]