building,road,none,f1,f2,f3,f4,f5,f6,f7,f8,f9,f10,f11,f12,f13,f14,f15,f16
[[1e-05, 1e-05], [0.97, 0.06000000000000001], [0.030008, 0.059995999999999994], [1e-05, 1e-05], [1e-05, 1e-05], [5.555718803405762, 0.2809410421740831], [1.0793159246444701, 0.2885174684541006], [1e-05, 1e-05], [0.38576561536979675, 0.20474108574479344], [1e-05, 1e-05], [2.032072591781616, 0.6365200213556083], [1e-05, 1e-05], [1e-05, 1e-05], [17.133995628356935, 4.820499085774453], [32.40111312866211, 2.1944726251520614], [1e-05, 1e-05], [1e-05, 1e-05], [6.844200801849365, 1.4105408165540374], [34.5301513671875, 0.17751821647618413]]