building,road,none,f1,f2,f3,f4,f5,f6,f7,f8,f9,f10,f11,f12,f13,f14,f15,f16
[[1e-05, 1e-05], [1e-05, 1e-05], [1.0, 1e-05], [0.10406552255153656, 0.0020979344844818115], [0.5734096050262452, 8.621215820312499e-05], [0.32167674899101256, 0.002654993534088135], [1e-05, 1e-05], [0.014076241850852966, 0.0006373345851898194], [1e-05, 1e-05], [1e-05, 1e-05], [1e-05, 1e-05], [1e-05, 1e-05], [1e-05, 1e-05], [1e-05, 1e-05], [0.10211745351552963, 0.0031076580286026004], [1e-05, 1e-05], [1e-05, 1e-05], [0.4699282765388489, 0.001473522186279297], [0.1446827232837677, 0.0019847393035888673]]