x,y,r,building,road,none,f1,f2,f3,f4,f5,f6,f7,f8,f9,f10,f11,f12,f13,f14,f15,f16
1864.0,1775.0,75.0,1e-05,0.11,0.89,1e-05,1e-05,6.73729133605957,8.04702377319336,1e-05,1.5758575201034546,1e-05,1e-05,1e-05,1.3386470079421997,0.27448418736457825,10.574902534484863,1e-05,0.49295756220817566,3.870673179626465,8.011968612670898
779.0,1120.0,75.0,1e-05,0.48,0.52,1e-05,1e-05,1e-05,3.3646507263183594,1e-05,3.2757551670074463,1e-05,1e-05,1e-05,1e-05,13.337262153625488,12.68933391571045,1e-05,1e-05,1e-05,14.885542869567871
1075.0,1660.0,75.0,1e-05,0.07,0.93,0.14639630913734436,1e-05,0.8159173130989075,4.9923577308654785,1e-05,2.552610397338867,1e-05,1e-05,1e-05,1.631515622138977,2.1023261547088623,3.4435479640960693,1e-05,1e-05,1e-05,3.8513293266296387
570.0,1135.0,75.0,1e-05,0.22,0.78,1e-05,0.2006399929523468,1e-05,8.373499870300293,1e-05,4.307671070098877,1e-05,1.0916837453842163,1e-05,1e-05,20.198728561401367,5.9753804206848145,1e-05,1e-05,1e-05,9.179930686950684
1456.0,657.0,75.0,1e-05,0.5,0.5,1e-05,1e-05,4.11422872543335,1e-05,1e-05,1e-05,1e-05,9.998239517211914,1e-05,1e-05,30.321847915649414,21.065670013427734,1e-05,1e-05,8.04288101196289,27.16859245300293
