building,road,none,f1,f2,f3,f4,f5,f6,f7,f8,f9,f10,f11,f12,f13,f14,f15,f16
[[1e-05, 1e-05], [0.558, 0.09195651146058122], [0.442, 0.09195651146058118], [1e-05, 1e-05], [1e-05, 1e-05], [3.9585901277918816, 4.406314752063278], [4.040073749687195, 3.3601555698640104], [1e-05, 1e-05], [1.898380154899597, 2.1228981830786333], [1e-05, 1e-05], [2.504726189903259, 2.821085549317644], [1e-05, 1e-05], [0.01095986769962311, 0.021899735399246216], [10.891311740875244, 5.356829320262097], [19.066756820678712, 7.816261426255367], [1e-05, 1e-05], [1e-05, 1e-05], [4.188327450088501, 4.842259682880136], [21.14072780609131, 7.742384523856947]]