building,road,none,f1,f2,f3,f4,f5,f6,f7,f8,f9,f10,f11,f12,f13,f14,f15,f16
[[1e-05, 1e-05], [0.27599999999999997, 0.18161497735594387], [0.724, 0.18161497735594387], [0.029287261827468873, 0.05855452365493774], [0.04013599859046936, 0.08025199718093873], [2.3334914749183655, 2.674239379582739], [4.955508420135498, 3.108996088683162], [1e-05, 1e-05], [2.342380830909729, 1.4732283557985926], [1e-05, 1e-05], [2.217990652519226, 3.913033456807154], [1e-05, 1e-05], [0.5940385260162354, 0.733404415789601], [13.246929794549942, 11.246110707197277], [10.749766969680786, 6.105504994570322], [1e-05, 1e-05], [0.09859951244163515, 0.19717902488327027], [2.3827168383178714, 3.2026035714198313], [12.619472789764405, 8.083957458953995]]